{
	"init":{
		"js"       : [],
		"css"      : ["default.css"],
		"sections" : {
			"top"    : {
					"modules" : [
						{ "src":"menu"}
					]
				}
		}
	},

	"home":{
		"extends"  : "init",
		"css"      : ["size.css"],
		"template" : "layout",
		"sections" : {
			"middle" : {
					"modules" : [
						{"src":"thumbnail", "list":"small"}
					]
				}
		}
	},

	"shermarks":{
		"extends"  : "init",
		"css"      : ["size.css"],
		"template" : "layout",
		"sections" : {
			"middle" : {
					"modules" : [
						{"src":"description"},
						{"src":"thumbnail", "list":"block"}
					]
				}
		}
	}
}