{
	"init":{
		"js"       : [],
		"css"      : ["default.css"],
		"sections" : {
			"top"    : {
					"modules" : [
						{ "src":"menu"},
						{ "src":"citation"}
					]
				}
		}
	},

	"home":{
		"extends"  : "init",
		"css"      : ["size.css"],
		"template" : "layout",
		"sections" : {
			"top"    : {
					"modules" : []
				},
			"header" : {
					"modules" : [
						{ "src":"citation", "color":"green", "size":"12px"},
						{ "src":"citation", "ref":"top","mode":""},
						{ "src":"citation", "ref":"voiture"}
					]
				},
			"middle" : {
					"modules" : [
						{ "src":"formulaire"}
					]
				},
			"bottom" : {
					"modules" : [
						{ "src":"citation"}
					]
			}
		}
	},

	"sample":{
		"extends"  : "init",
		"css"      : ["size.css"],
		"template" : "layout",
		"sections" : {
			"top"    : {
					"modules" : []
				},
			"header" : {
					"modules" : [
						{ "src":"description", "color":"red"}
					]
				},
			"middle" : {
					"modules" : [
						{ "src":"description"}
					]
				},
			"bottom" : {
					"modules" : [
						{ "src":"description"}
					]
			}
		}
	}
}